transaction_id,timestamp,amount,source_entity,destination_entity
TXN10521,2024-02-17,1832.95,IT Dept,QuickFix IT
TXN10737,2024-03-20,1717.32,Operations,Global Supplies
TXN10740,2024-03-27,1858.51,IT Dept,ABC Corp
TXN10660,2024-02-02,5619.98,Finance Dept,ABC Corp
TXN10411,2024-03-11,2235.94,Operations,Global Supplies
TXN10678,2024-02-07,399.22,Admin Dept,BlueWave Media
TXN10626,2024-02-02,3387.01,Finance Dept,BlueWave Media
TXN10513,2024-02-17,3253.04,HR Dept,Apex Holdings
TXN20050,2024-03-24,2752.34,Finance Dept,Apex Holding
TXN10136,2024-01-10,2141.26,IT Dept,QuickFix IT
TXN20002,2024-01-11,2480.42,Finance Dept,QuickFix I.T.
TXN10076,2024-01-02,2727.79,Operations,TechNova
TXN10636,2024-01-05,6349.79,Operations,ABC Corp
TXN30084,2024-02-13,8753.67,Admin Dept,Summit Group
TXN30049,2024-01-24,8730.09,Admin Dept,Summit Group
TXN30010,2024-03-20,9185.97,Admin Dept,Summit Group
TXN10280,2024-01-11,1212.06,Operations,QuickFix IT
TXN20074,2024-01-09,4103.91,Finance Dept,Global Supply Co.
TXN10761,2024-02-26,2767.35,Finance Dept,Zenith Logistics
TXN10319,2024-03-29,1116.46,HR Dept,TechNova
TXN10549,2024-01-19,5153.84,Finance Dept,Apex Holdings
TXN10174,2024-02-15,4843.3,IT Dept,Apex Holdings
TXN10371,2024-01-26,198.47,Operations,TechNova
TXN10527,2024-01-22,2564.92,Finance Dept,Apex Holdings
TXN10210,2024-02-16,2312.11,HR Dept,ABC Corp
TXN10235,2024-01-22,2986.76,HR Dept,Global Supplies
TXN10101,2024-01-31,2629.03,Operations,Global Supplies
TXN30097,2024-02-15,9158.24,Admin Dept,Summit Group
TXN30013,2024-02-01,9413.24,Admin Dept,Summit Group
TXN30058,2024-01-15,8456.44,Admin Dept,Summit Group
TXN10346,2024-03-21,1456.42,Admin Dept,TechNova
TXN10139,2024-02-10,1533.69,Admin Dept,Apex Holdings
TXN10621,2024-02-28,2493.96,Operations,BlueWave Media
TXN10499,2024-01-31,1820.79,Admin Dept,BlueWave Media
TXN10370,2024-03-18,5846.99,Finance Dept,QuickFix IT
TXN10198,2024-01-29,288.3,Operations,Zenith Logistics
TXN10687,2024-03-09,4410.23,Operations,Apex Holdings
TXN10584,2024-03-15,2607.05,IT Dept,TechNova
TXN30012,2024-01-01,8299.35,Admin Dept,Summit Group
TXN10059,2024-03-05,3894.87,Admin Dept,BlueWave Media
TXN10328,2024-01-12,1559.93,Operations,Summit Group
TXN10096,2024-01-25,3815.54,Admin Dept,Apex Holdings
TXN10312,2024-02-26,3144.69,Finance Dept,Zenith Logistics
TXN30085,2024-02-02,8428.67,Admin Dept,Summit Group
TXN10299,2024-02-26,6952.47,Operations,BlueWave Media
TXN10277,2024-03-26,7737.49,IT Dept,QuickFix IT
TXN30035,2024-02-11,8150.03,Admin Dept,Summit Group
TXN10601,2024-03-13,6753.51,Finance Dept,Zenith Logistics
TXN10439,2024-03-24,3537.48,Operations,QuickFix IT
TXN20028,2024-03-05,4888.82,Finance Dept,Global Supplies Inc
TXN10570,2024-02-08,1207.96,HR Dept,QuickFix IT
TXN20070,2024-01-15,3362.82,Finance Dept,TechNova L.T.D.
TXN10261,2024-02-28,7401.42,Finance Dept,QuickFix IT
TXN10578,2024-01-05,1865.55,Admin Dept,BlueWave Media
TXN10023,2024-03-24,6741.95,HR Dept,Apex Holdings
TXN10030,2024-01-12,4952.93,Admin Dept,Global Supplies
TXN10617,2024-01-07,4806.54,IT Dept,Apex Holdings
TXN10010,2024-03-28,2467.34,Finance Dept,TechNova
TXN10221,2024-02-08,4140.95,Finance Dept,QuickFix IT
TXN20011,2024-02-14,3167.94,Finance Dept,ABC Corporation
TXN10296,2024-01-04,4429.79,Operations,ABC Corp
TXN10054,2024-01-28,3580.97,HR Dept,Global Supplies
TXN10542,2024-03-23,2640.08,Operations,QuickFix IT
TXN10209,2024-01-20,2497.65,HR Dept,Apex Holdings
TXN10604,2024-01-14,2203.36,Admin Dept,TechNova
TXN10692,2024-02-23,2235.5,Finance Dept,Zenith Logistics
TXN10662,2024-03-21,3889.93,Finance Dept,QuickFix IT
TXN20057,2024-03-03,2844.9,Finance Dept,Apex Holding
TXN10070,2024-01-19,2445.36,Admin Dept,QuickFix IT
TXN10543,2024-03-21,3419.66,Operations,QuickFix IT
TXN10107,2024-02-26,439.49,Finance Dept,Apex Holdings
TXN10493,2024-03-06,1688.82,Finance Dept,BlueWave Media
TXN10590,2024-01-28,4897.83,Operations,Global Supplies
TXN10741,2024-03-11,1352.49,Operations,Zenith Logistics
TXN10292,2024-03-16,6884.34,HR Dept,QuickFix IT
TXN10289,2024-01-28,3430.95,IT Dept,QuickFix IT
TXN10652,2024-01-02,149.1,Admin Dept,Summit Group
TXN10039,2024-03-07,1628.86,HR Dept,BlueWave Media
TXN10589,2024-01-15,1368.16,IT Dept,TechNova
TXN10307,2024-02-15,1918.98,Operations,Apex Holdings
TXN10679,2024-01-09,1994.91,IT Dept,ABC Corp
TXN10066,2024-01-11,2304.36,Finance Dept,BlueWave Media
TXN10275,2024-01-31,1447.35,Operations,BlueWave Media
TXN10067,2024-01-10,6630.27,Operations,BlueWave Media
TXN10318,2024-03-13,4315.42,HR Dept,QuickFix IT
TXN10548,2024-02-22,5421.51,Finance Dept,BlueWave Media
TXN50001,2024-01-07,995000.0,Finance Dept,TechNova L.T.D.
TXN10714,2024-03-11,3216.26,IT Dept,Summit Group
TXN10753,2024-01-24,1524.11,Admin Dept,BlueWave Media
TXN10327,2024-02-05,1806.33,Admin Dept,Global Supplies
TXN10382,2024-02-09,1126.49,Admin Dept,ABC Corp
TXN10451,2024-03-08,7544.86,Operations,ABC Corp
TXN10522,2024-02-14,627.43,Operations,Global Supplies
TXN10218,2024-01-26,3584.93,Operations,TechNova
TXN10787,2024-03-12,2268.27,IT Dept,TechNova
TXN10436,2024-03-16,2922.38,Finance Dept,QuickFix IT
TXN10764,2024-01-30,1135.38,Operations,QuickFix IT
TXN10088,2024-03-03,1197.33,Finance Dept,Zenith Logistics
TXN10063,2024-02-03,5624.72,IT Dept,ABC Corp
TXN20017,2024-03-20,3534.63,Finance Dept,Apex Holdings LLC
TXN10716,2024-02-23,2941.46,IT Dept,Global Supplies
TXN10351,2024-02-24,1365.27,Admin Dept,BlueWave Media
TXN30047,2024-01-23,9148.28,Admin Dept,Summit Group
TXN10256,2024-02-04,539.5,Finance Dept,BlueWave Media
TXN10635,2024-01-08,2258.9,HR Dept,TechNova
TXN10644,2024-01-30,3999.33,Admin Dept,Zenith Logistics
TXN10554,2024-02-05,233.32,HR Dept,QuickFix IT
TXN30070,2024-01-01,8620.18,Admin Dept,Summit Group
TXN10168,2024-02-24,6127.03,HR Dept,QuickFix IT
TXN30028,2024-03-20,9864.75,Admin Dept,Summit Group
TXN10528,2024-01-28,4485.33,Finance Dept,QuickFix IT
TXN20014,2024-02-19,3680.03,Finance Dept,ABC Corp.
TXN30096,2024-02-05,8860.57,Admin Dept,Summit Group
TXN20007,2024-03-07,2639.03,Finance Dept,Apex Holding
TXN10086,2024-02-21,2317.64,Admin Dept,TechNova
TXN10432,2024-02-24,2764.54,HR Dept,Summit Group
TXN10184,2024-03-09,315.28,Admin Dept,Apex Holdings
TXN30089,2024-01-22,8693.12,Admin Dept,Summit Group
TXN10534,2024-02-17,5325.84,Admin Dept,QuickFix IT
TXN10294,2024-01-03,3122.14,HR Dept,Global Supplies
TXN30003,2024-01-14,8369.02,Admin Dept,Summit Group
TXN10425,2024-02-03,4479.37,Finance Dept,Global Supplies
TXN10713,2024-02-20,1287.03,Finance Dept,Apex Holdings
TXN10260,2024-02-25,7908.33,Admin Dept,Summit Group
TXN10237,2024-03-04,2250.43,Operations,Global Supplies
TXN10559,2024-02-01,312.16,IT Dept,BlueWave Media
TXN10583,2024-03-11,1768.73,Finance Dept,Summit Group
TXN10445,2024-02-10,3856.71,HR Dept,Global Supplies
TXN20058,2024-01-16,3832.89,Finance Dept,Apex Holding
TXN10800,2024-03-12,4309.6,Operations,Apex Holdings
TXN10599,2024-03-30,1558.86,Finance Dept,Apex Holdings
TXN20040,2024-01-30,4383.92,Finance Dept,TechNova Inc
TXN10265,2024-02-21,2833.18,HR Dept,QuickFix IT
TXN40005,2024-02-18,"1,200.50",Admin Dept,QuickFix IT
TXN10529,2024-03-01,213.65,Admin Dept,Global Supplies
TXN10055,2024-03-30,2311.02,Finance Dept,Zenith Logistics
TXN10120,2024-02-11,1770.62,Admin Dept,Apex Holdings
TXN10215,2024-02-02,6897.2,Finance Dept,Summit Group
TXN10025,2024-02-28,3100.44,IT Dept,Zenith Logistics
TXN10072,2024-03-15,4909.96,Operations,ABC Corp
TXN10044,2024-03-09,7434.98,HR Dept,ABC Corp
TXN10247,2024-01-28,3115.43,Finance Dept,TechNova
TXN10721,2024-01-07,5659.25,IT Dept,BlueWave Media
TXN10281,2024-02-09,1177.9,Admin Dept,ABC Corp
TXN30004,2024-03-26,9701.03,Admin Dept,Summit Group
TXN30025,2024-03-27,8480.68,Admin Dept,Summit Group
TXN20001,2024-02-19,2802.36,Finance Dept,ABC Corporation
TXN10244,2024-01-28,2787.34,Finance Dept,Global Supplies
TXN20013,2024-03-25,2497.27,Finance Dept,Tech Nova Ltd
TXN10321,2024-01-18,2213.9,Finance Dept,TechNova
TXN10643,2024-01-24,1935.78,HR Dept,QuickFix IT
TXN10158,2024-03-07,1506.04,Finance Dept,Global Supplies
TXN30088,2024-02-29,8830.06,Admin Dept,Summit Group
TXN10429,2024-02-28,3363.25,Finance Dept,Summit Group
TXN30052,2024-03-31,8664.53,Admin Dept,Summit Group
TXN10462,2024-01-20,6765.48,Finance Dept,QuickFix IT
TXN10309,2024-01-04,5718.68,Admin Dept,QuickFix IT
TXN10697,2024-02-20,1994.95,Admin Dept,TechNova
TXN10060,2024-02-21,5535.88,HR Dept,ABC Corp
TXN20075,2024-03-03,2629.69,Finance Dept,Global Supply Co.
TXN10595,2024-02-15,1933.05,Finance Dept,Apex Holdings
TXN10767,2024-02-28,3827.33,HR Dept,TechNova
TXN10649,2024-02-26,6308.82,Finance Dept,Summit Group
TXN10650,2024-02-22,7447.46,Admin Dept,QuickFix IT
TXN20056,2024-01-20,2412.56,Finance Dept,TechNova L.T.D.
TXN10668,2024-02-02,2118.03,Finance Dept,Summit Group
TXN10298,2024-02-17,1715.05,Finance Dept,Apex Holdings
TXN10689,2024-02-06,1458.67,Operations,Apex Holdings
TXN10314,2024-03-01,7503.65,Operations,QuickFix IT
TXN10310,2024-02-22,7823.14,HR Dept,Summit Group
TXN10361,2024-02-07,1887.28,IT Dept,ABC Corp
TXN10479,2024-03-28,5403.66,IT Dept,QuickFix IT
TXN10110,2024-02-06,422.51,IT Dept,ABC Corp
TXN40001,2024-02-14,,HR Dept,TechNova
TXN10486,2024-01-14,1733.76,Admin Dept,TechNova
TXN10363,2024-03-14,4193.02,Finance Dept,Summit Group
TXN10254,2024-02-20,1694.49,IT Dept,BlueWave Media
TXN10259,2024-01-05,2200.04,IT Dept,Summit Group
TXN10802,2024-01-06,1887.97,Finance Dept,QuickFix IT
TXN10677,2024-02-17,7370.15,HR Dept,BlueWave Media
TXN10494,2024-03-05,1494.68,IT Dept,Summit Group
TXN10670,2024-03-23,2274.43,Admin Dept,BlueWave Media
TXN10377,2024-02-27,5417.91,IT Dept,BlueWave Media
TXN10526,2024-01-27,2944.22,HR Dept,ABC Corp
TXN20036,2024-02-25,3689.77,Finance Dept,ABC Corp.
TXN10137,2024-01-31,2474.88,Admin Dept,Zenith Logistics
TXN10355,2024-01-31,1699.87,HR Dept,Apex Holdings
TXN10365,2024-02-03,1932.26,HR Dept,Zenith Logistics
TXN30053,2024-01-20,9834.31,Admin Dept,Summit Group
TXN10749,2024-03-14,5704.3,Admin Dept,Zenith Logistics
TXN30059,2024-02-01,9604.42,Admin Dept,Summit Group
TXN20020,2024-03-11,2164.15,Finance Dept,A.B.C. Corp
TXN10656,2024-02-12,2130.6,Finance Dept,ABC Corp
TXN10199,2024-03-06,4310.8,Operations,Summit Group
TXN10213,2024-02-05,192.04,IT Dept,ABC Corp
TXN10408,2024-01-09,2170.31,HR Dept,QuickFix IT
TXN10332,2024-03-03,3841.73,Finance Dept,Summit Group
TXN10208,2024-02-20,3244.83,Finance Dept,ABC Corp
TXN10613,2024-02-29,1869.63,Admin Dept,TechNova
TXN10078,2024-01-16,1184.7,IT Dept,Apex Holdings
TXN10029,2024-03-06,7325.07,Operations,Zenith Logistics
TXN10535,2024-02-08,2439.79,Operations,TechNova
TXN10695,2024-02-21,4366.09,Finance Dept,Zenith Logistics
TXN10557,2024-02-29,7966.5,HR Dept,QuickFix IT
TXN20027,2024-02-05,2513.63,Finance Dept,Quick Fix IT
TXN10596,2024-03-22,1862.86,Operations,Zenith Logistics
TXN10165,2024-03-07,1813.65,IT Dept,Global Supplies
TXN30029,2024-02-23,8684.7,Admin Dept,Summit Group
TXN10495,2024-02-20,1431.91,Admin Dept,QuickFix IT
TXN20015,2024-03-28,3536.89,Finance Dept,TechNova Inc
TXN10065,2024-03-06,3931.89,IT Dept,TechNova
TXN10141,2024-02-28,3951.67,Finance Dept,Summit Group
TXN30036,2024-02-06,8498.63,Admin Dept,Summit Group
TXN20018,2024-03-02,2163.36,Finance Dept,ABC Corporation
TXN10655,2024-03-09,6345.23,Admin Dept,Summit Group
TXN10331,2024-03-21,1376.89,HR Dept,ABC Corp
TXN10664,2024-01-23,4827.95,Finance Dept,Global Supplies
TXN10249,2024-01-22,2611.93,HR Dept,ABC Corp
TXN30018,2024-02-02,9668.13,Admin Dept,Summit Group
TXN10708,2024-02-08,3150.45,Finance Dept,ABC Corp
TXN10305,2024-02-05,5229.42,HR Dept,TechNova
TXN10734,2024-02-09,1581.04,Finance Dept,Apex Holdings
TXN30086,2024-03-18,9740.68,Admin Dept,Summit Group
TXN10049,2024-01-22,1297.27,HR Dept,Apex Holdings
TXN30007,2024-01-26,9970.37,Admin Dept,Summit Group
TXN10002,2024-03-17,7800.73,HR Dept,QuickFix IT
TXN10544,2024-03-03,5394.2,HR Dept,ABC Corp
TXN10350,2024-02-07,1205.53,Finance Dept,TechNova
TXN30015,2024-01-06,9810.2,Admin Dept,Summit Group
TXN10536,2024-01-12,1228.32,HR Dept,Global Supplies
TXN10344,2024-03-30,7939.71,HR Dept,Zenith Logistics
TXN40004,2024-02-17,Five Thousand,Admin Dept,QuickFix IT
TXN10481,2024-03-04,2659.52,Admin Dept,QuickFix IT
TXN10575,2024-03-09,4181.73,Admin Dept,Zenith Logistics
TXN10033,2024-02-17,1924.1,Operations,QuickFix IT
TXN10031,2024-01-15,5832.7,Finance Dept,ABC Corp
TXN10231,2024-01-05,1648.66,HR Dept,Global Supplies
TXN30074,2024-01-01,9324.5,Admin Dept,Summit Group
TXN10192,2024-03-23,4234.71,Finance Dept,Global Supplies
TXN10333,2024-01-20,6865.94,Operations,Zenith Logistics
TXN10003,2024-02-14,6664.54,HR Dept,Zenith Logistics
TXN10204,2024-03-12,1507.13,IT Dept,QuickFix IT
TXN10514,2024-03-09,1443.24,Operations,Global Supplies
TXN10799,2024-02-02,5528.9,HR Dept,ABC Corp
TXN10306,2024-02-26,1551.41,Finance Dept,Global Supplies
TXN10109,2024-01-18,6731.58,HR Dept,TechNova
TXN10430,2024-01-03,1109.52,IT Dept,QuickFix IT
TXN10077,2024-02-17,3829.98,Finance Dept,Summit Group
TXN10084,2024-02-25,2228.65,Finance Dept,ABC Corp
TXN10286,2024-02-15,1566.08,Admin Dept,Global Supplies
TXN10082,2024-02-12,2928.2,Finance Dept,Zenith Logistics
TXN40003,2024-02-15,750.0,,ABC Corp
TXN10789,2024-01-06,7381.74,Operations,BlueWave Media
TXN30005,2024-02-20,8107.38,Admin Dept,Summit Group
TXN10398,2024-02-04,2675.17,HR Dept,BlueWave Media
TXN10323,2024-03-02,4359.27,Finance Dept,Zenith Logistics
TXN10519,2024-01-25,1747.2,Operations,Apex Holdings
TXN30027,2024-02-25,9999.66,Admin Dept,Summit Group
TXN30033,2024-01-15,8774.2,Admin Dept,Summit Group
TXN10005,2024-03-09,3420.14,Admin Dept,QuickFix IT
TXN10731,2024-03-31,4239.95,Admin Dept,ABC Corp
TXN10465,2024-02-08,1218.39,HR Dept,ABC Corp
TXN10097,2024-02-29,1518.85,HR Dept,BlueWave Media
TXN10266,2024-01-20,731.39,IT Dept,Apex Holdings
TXN10357,2024-03-25,7354.71,Operations,QuickFix IT
TXN20059,2024-03-13,4828.63,Finance Dept,Global Supplies Inc
TXN10798,2024-03-21,4282.51,Admin Dept,TechNova
TXN10380,2024-02-13,1286.15,Finance Dept,Summit Group
TXN10631,2024-03-12,3701.08,Finance Dept,Summit Group
TXN10381,2024-03-06,7396.36,HR Dept,Summit Group
TXN10490,2024-01-04,3352.94,Admin Dept,TechNova
TXN10118,2024-01-23,2830.2,Admin Dept,Global Supplies
TXN30011,2024-01-07,8543.43,Admin Dept,Summit Group
TXN10250,2024-02-10,1345.59,Finance Dept,QuickFix IT
TXN10523,2024-01-07,4692.56,HR Dept,ABC Corp
TXN10009,2024-02-22,2809.92,Operations,Apex Holdings
TXN10196,2024-03-06,297.21,Admin Dept,BlueWave Media
TXN10603,2024-01-23,1186.4,Operations,Summit Group
TXN10081,2024-03-20,2376.84,IT Dept,BlueWave Media
TXN10783,2024-02-28,5358.18,IT Dept,QuickFix IT
TXN10587,2024-03-21,1396.49,IT Dept,Summit Group
TXN10797,2024-01-09,6282.91,Admin Dept,ABC Corp
TXN10239,2024-01-10,2102.33,Operations,Summit Group
TXN10290,2024-02-19,2672.54,Admin Dept,Zenith Logistics
TXN10211,2024-01-28,1364.11,Operations,Apex Holdings
TXN10717,2024-02-12,4263.39,Finance Dept,TechNova
TXN10359,2024-02-02,1770.86,Admin Dept,TechNova
TXN10449,2024-02-21,5124.88,Finance Dept,BlueWave Media
TXN10227,2024-02-27,7648.89,Admin Dept,BlueWave Media
TXN30061,2024-03-23,8670.91,Admin Dept,Summit Group
TXN30057,2024-03-13,9802.58,Admin Dept,Summit Group
TXN10796,2024-03-12,1813.6,Admin Dept,Apex Holdings
TXN10501,2024-02-20,3121.89,IT Dept,Apex Holdings
TXN10464,2024-03-17,6439.15,Finance Dept,Zenith Logistics
TXN10362,2024-02-28,1347.61,Finance Dept,Apex Holdings
TXN10468,2024-01-05,148.42,Operations,BlueWave Media
TXN30046,2024-01-13,8680.98,Admin Dept,Summit Group
TXN10428,2024-03-10,2737.89,IT Dept,QuickFix IT
TXN10007,2024-01-28,2417.93,Operations,Summit Group
TXN10155,2024-03-17,5889.82,Finance Dept,BlueWave Media
TXN10541,2024-02-14,2864.46,Operations,Apex Holdings
TXN10440,2024-01-22,6467.32,Admin Dept,Apex Holdings
TXN10482,2024-03-17,1791.06,HR Dept,TechNova
TXN10422,2024-01-20,6649.2,Finance Dept,Apex Holdings
TXN10778,2024-01-05,1129.59,Finance Dept,BlueWave Media
TXN30060,2024-03-13,8852.16,Admin Dept,Summit Group
TXN10334,2024-02-25,3124.8,HR Dept,TechNova
TXN10576,2024-01-10,1725.0,HR Dept,Global Supplies
TXN30045,2024-02-16,8433.5,Admin Dept,Summit Group
TXN10567,2024-03-10,5668.85,IT Dept,Zenith Logistics
TXN10594,2024-01-24,1342.61,Operations,BlueWave Media
TXN10530,2024-01-18,1590.11,HR Dept,Summit Group
TXN10581,2024-01-15,1163.8,HR Dept,Zenith Logistics
TXN10707,2024-02-16,2336.93,IT Dept,QuickFix IT
TXN10448,2024-01-15,6177.21,Finance Dept,Summit Group
TXN10453,2024-03-02,4136.99,Finance Dept,QuickFix IT
TXN10228,2024-03-24,1733.17,Admin Dept,Global Supplies
TXN10352,2024-03-21,2858.26,Operations,Summit Group
TXN10728,2024-01-28,1169.94,IT Dept,Zenith Logistics
TXN10212,2024-01-12,217.78,Admin Dept,Global Supplies
TXN10079,2024-02-05,1191.46,Admin Dept,BlueWave Media
TXN10148,2024-03-13,1620.12,Operations,BlueWave Media
TXN10302,2024-03-02,3833.28,IT Dept,BlueWave Media
TXN10628,2024-01-18,7727.43,Admin Dept,QuickFix IT
TXN10777,2024-03-13,1364.94,Operations,Zenith Logistics
TXN10506,2024-01-02,1456.23,Admin Dept,Zenith Logistics
TXN10342,2024-03-20,1301.0,Operations,ABC Corp
TXN10485,2024-01-24,2767.15,Finance Dept,ABC Corp
TXN10711,2024-03-10,1739.36,Operations,ABC Corp
TXN10133,2024-03-10,1939.38,HR Dept,Apex Holdings
TXN10703,2024-02-19,5381.25,IT Dept,TechNova
TXN10311,2024-03-14,1414.58,Finance Dept,Apex Holdings
TXN10722,2024-01-05,1790.9,HR Dept,Zenith Logistics
TXN10629,2024-03-20,331.57,Admin Dept,Zenith Logistics
TXN10000,2024-03-14,1916.2,Operations,QuickFix IT
TXN10316,2024-02-07,1802.13,Finance Dept,Zenith Logistics
TXN10706,2024-01-09,6141.23,Admin Dept,Summit Group
TXN10547,2024-01-13,6514.85,HR Dept,ABC Corp
TXN20063,2024-01-22,2563.33,Finance Dept,A.B.C. Corp
TXN10532,2024-01-20,3171.41,Admin Dept,ABC Corp
TXN10477,2024-01-05,7728.47,HR Dept,QuickFix IT
TXN10404,2024-03-02,1437.17,Admin Dept,ABC Corp
TXN10172,2024-03-13,3836.04,Admin Dept,Summit Group
TXN10125,2024-03-16,3565.2,HR Dept,Global Supplies
TXN10394,2024-03-25,2832.96,HR Dept,Apex Holdings
TXN10420,2024-03-05,272.58,IT Dept,ABC Corp
TXN10552,2024-03-31,116.45,Finance Dept,QuickFix IT
TXN30014,2024-02-26,9651.11,Admin Dept,Summit Group
TXN10090,2024-02-28,4506.74,Finance Dept,TechNova
TXN30050,2024-01-23,8422.08,Admin Dept,Summit Group
TXN10181,2024-03-12,2823.37,Admin Dept,Apex Holdings
TXN10274,2024-01-26,6936.89,HR Dept,Summit Group
TXN30006,2024-03-22,9626.22,Admin Dept,Summit Group
TXN10069,2024-01-23,6600.12,IT Dept,TechNova
TXN10291,2024-03-04,1129.49,IT Dept,Summit Group
TXN10131,2024-03-05,330.08,IT Dept,Summit Group
TXN10300,2024-01-01,494.97,IT Dept,ABC Corp
TXN10424,2024-01-17,2449.48,Operations,BlueWave Media
TXN10326,2024-02-21,137.09,Finance Dept,BlueWave Media
TXN10144,2024-02-01,5616.6,Operations,Summit Group
TXN10423,2024-02-04,1108.68,Finance Dept,BlueWave Media
TXN10580,2024-03-13,3954.44,Admin Dept,ABC Corp
TXN10135,2024-03-29,7630.99,Finance Dept,Zenith Logistics
TXN10450,2024-02-07,4310.91,Operations,Summit Group
TXN10164,2024-02-16,1866.34,IT Dept,Summit Group
TXN10028,2024-03-27,5838.12,HR Dept,QuickFix IT
TXN10773,2024-01-20,2547.4,Finance Dept,TechNova
TXN10193,2024-02-06,1639.58,HR Dept,Zenith Logistics
TXN10388,2024-02-13,3417.08,IT Dept,TechNova
TXN20043,2024-02-01,3099.75,Finance Dept,QuickFix I.T.
TXN10169,2024-01-22,1669.05,Operations,Summit Group
TXN10705,2024-02-19,5976.96,IT Dept,BlueWave Media
TXN10140,2024-01-14,1732.66,Finance Dept,Summit Group
TXN10173,2024-03-07,731.46,Admin Dept,Zenith Logistics
TXN10006,2024-02-06,1394.04,HR Dept,Apex Holdings
TXN10745,2024-01-18,394.73,Admin Dept,Summit Group
TXN10478,2024-03-25,2438.06,IT Dept,Summit Group
TXN10073,2024-03-24,2562.03,Admin Dept,QuickFix IT
TXN30021,2024-01-28,8510.69,Admin Dept,Summit Group
TXN20004,2024-02-15,4221.15,Finance Dept,Tech Nova Ltd
TXN10238,2024-03-26,450.63,Finance Dept,QuickFix IT
TXN10145,2024-03-06,5328.77,Finance Dept,QuickFix IT
TXN10792,2024-02-15,6710.41,Finance Dept,BlueWave Media
TXN10234,2024-01-26,4239.21,IT Dept,Summit Group
TXN10220,2024-03-15,2377.42,Admin Dept,QuickFix IT
TXN30034,2024-01-15,9148.68,Admin Dept,Summit Group
TXN10500,2024-01-29,2105.7,Operations,QuickFix IT
TXN10132,2024-03-27,7544.5,HR Dept,Apex Holdings
TXN40002,2024-02-15,500.0,IT Dept,
TXN10774,2024-03-07,2313.62,IT Dept,Global Supplies
TXN10185,2024-01-18,1580.23,Operations,Apex Holdings
TXN10041,2024-01-31,310.07,Finance Dept,ABC Corp
TXN10696,2024-01-12,2724.21,Operations,QuickFix IT
TXN10108,2024-03-28,4353.27,IT Dept,BlueWave Media
TXN10588,2024-02-14,1140.48,IT Dept,Zenith Logistics
TXN10056,2024-02-08,1826.7,Operations,Zenith Logistics
TXN10405,2024-03-18,4597.28,IT Dept,TechNova
TXN10442,2024-03-28,1724.67,Operations,ABC Corp
TXN10757,2024-01-23,6883.45,Finance Dept,BlueWave Media
TXN40007,15-14-2024,900.0,HR Dept,Global Supplies
TXN10024,2024-02-05,5387.58,Operations,Summit Group
TXN10467,2024-03-13,3404.33,IT Dept,BlueWave Media
TXN10539,2024-01-31,1152.09,Finance Dept,QuickFix IT
TXN10531,2024-01-07,2965.69,Finance Dept,Zenith Logistics
TXN10618,2024-03-16,4352.61,HR Dept,BlueWave Media
TXN10694,2024-03-14,1501.35,Admin Dept,ABC Corp
TXN30037,2024-01-14,8957.26,Admin Dept,Summit Group
TXN10338,2024-02-28,2616.67,Finance Dept,Summit Group
TXN10051,2024-03-14,3740.56,Finance Dept,BlueWave Media
TXN10507,2024-02-11,5227.24,Admin Dept,Zenith Logistics
TXN10516,2024-02-27,1757.05,Finance Dept,TechNova
TXN30031,2024-02-15,9989.44,Admin Dept,Summit Group
TXN10781,2024-03-04,2882.99,IT Dept,Zenith Logistics
TXN10264,2024-03-06,1731.05,HR Dept,QuickFix IT
TXN20008,2024-03-03,3249.05,Finance Dept,Apex Holding
TXN10710,2024-02-26,4763.28,Finance Dept,ABC Corp
TXN10682,2024-01-24,6777.49,HR Dept,BlueWave Media
TXN20023,2024-03-20,3010.26,Finance Dept,TechNova Inc
TXN10518,2024-01-09,1278.98,HR Dept,Zenith Logistics
TXN10447,2024-02-04,2796.6,Operations,Apex Holdings
TXN10018,2024-01-10,1520.83,Finance Dept,ABC Corp
TXN10715,2024-02-04,4989.84,Admin Dept,ABC Corp
TXN10483,2024-01-03,6506.98,Admin Dept,QuickFix IT
TXN10568,2024-01-18,1442.75,Finance Dept,QuickFix IT
TXN10433,2024-01-25,4961.73,HR Dept,BlueWave Media
TXN10367,2024-02-22,6348.51,Operations,ABC Corp
TXN10083,2024-01-22,5613.57,IT Dept,Zenith Logistics
TXN10061,2024-01-14,3992.79,IT Dept,Zenith Logistics
TXN10638,2024-01-05,3293.48,Operations,ABC Corp
TXN10272,2024-02-09,238.34,Finance Dept,TechNova
TXN10285,2024-02-21,2830.62,Admin Dept,QuickFix IT
TXN10360,2024-02-22,5915.51,IT Dept,Global Supplies
TXN10354,2024-03-18,1911.26,Finance Dept,Global Supplies
TXN10456,2024-02-22,1554.15,IT Dept,Apex Holdings
TXN10278,2024-02-08,2525.24,Operations,QuickFix IT
TXN10012,2024-03-18,2399.85,HR Dept,BlueWave Media
TXN10182,2024-02-08,6939.74,Finance Dept,Global Supplies
TXN10368,2024-01-24,2498.57,Finance Dept,Summit Group
TXN20072,2024-03-09,2639.62,Finance Dept,ABC Corp.
TXN10615,2024-03-21,3162.94,HR Dept,BlueWave Media
TXN10223,2024-01-18,255.54,Finance Dept,ABC Corp
TXN10572,2024-02-24,567.93,Finance Dept,Global Supplies
TXN30081,2024-02-02,8525.25,Admin Dept,Summit Group
TXN10653,2024-03-20,1632.52,Operations,ABC Corp
TXN10545,2024-03-24,4690.42,HR Dept,Zenith Logistics
TXN10582,2024-02-04,4427.15,Operations,Summit Group
TXN10633,2024-01-21,274.74,Operations,QuickFix IT
TXN10176,2024-01-22,3519.83,Admin Dept,QuickFix IT
TXN10665,2024-01-14,5975.31,IT Dept,Apex Holdings
TXN10673,2024-02-10,132.06,HR Dept,Zenith Logistics
TXN10585,2024-03-26,6844.23,HR Dept,Summit Group
TXN20064,2024-01-17,3216.36,Finance Dept,Apex Holdings LLC
TXN10393,2024-03-19,364.52,Operations,ABC Corp
TXN10163,2024-01-31,4706.35,IT Dept,Apex Holdings
TXN10248,2024-01-22,5130.52,Finance Dept,Global Supplies
TXN10634,2024-02-03,189.59,Finance Dept,QuickFix IT
TXN20076,2024-03-14,2082.31,Finance Dept,TechNova L.T.D.
TXN10669,2024-03-26,2899.29,Admin Dept,Apex Holdings
TXN10375,2024-01-31,7171.97,Finance Dept,ABC Corp
TXN10412,2024-01-22,3924.63,Operations,BlueWave Media
TXN10074,2024-01-09,5204.82,Finance Dept,Global Supplies
TXN10113,2024-02-25,4601.86,Operations,Apex Holdings
TXN10598,2024-01-23,383.7,HR Dept,BlueWave Media
TXN30072,2024-03-11,8559.48,Admin Dept,Summit Group
TXN10390,2024-02-09,1220.53,Admin Dept,TechNova
TXN10104,2024-01-12,2450.43,Operations,Apex Holdings
TXN10114,2024-02-10,3341.83,IT Dept,Global Supplies
TXN10417,2024-01-16,3991.83,HR Dept,Zenith Logistics
TXN10525,2024-02-09,2473.22,Finance Dept,TechNova
TXN10457,2024-01-13,1148.5,Admin Dept,TechNova
TXN10409,2024-03-01,5687.25,HR Dept,Zenith Logistics
TXN10092,2024-01-29,1739.86,Operations,Summit Group
TXN30041,2024-03-13,8956.62,Admin Dept,Summit Group
TXN10089,2024-03-14,1471.62,Operations,Summit Group
TXN10336,2024-03-30,2667.73,Operations,Zenith Logistics
TXN30099,2024-03-13,9902.86,Admin Dept,Summit Group
TXN30032,2024-02-15,8363.04,Admin Dept,Summit Group
TXN30044,2024-01-08,9632.1,Admin Dept,Summit Group
TXN10605,2024-02-08,261.78,Finance Dept,QuickFix IT
TXN10593,2024-02-20,1153.69,Operations,Summit Group
TXN10611,2024-01-28,5680.39,Operations,Summit Group
TXN10094,2024-02-12,1678.94,Operations,Summit Group
TXN10011,2024-01-23,5382.0,Operations,ABC Corp
TXN10396,2024-01-01,3504.43,Operations,BlueWave Media
TXN10533,2024-01-15,2310.78,IT Dept,BlueWave Media
TXN10043,2024-03-15,1790.14,Operations,Summit Group
TXN10042,2024-03-29,1159.23,IT Dept,Summit Group
TXN10329,2024-02-25,6434.22,IT Dept,QuickFix IT
TXN10167,2024-03-23,5552.51,Operations,Summit Group
TXN10497,2024-01-03,325.05,Finance Dept,Summit Group
TXN20067,2024-01-15,3418.76,Finance Dept,Apex Holdings LLC
TXN10597,2024-02-25,1209.35,Admin Dept,Zenith Logistics
TXN10756,2024-01-23,2958.71,Admin Dept,Zenith Logistics
TXN10100,2024-01-11,2675.3,IT Dept,BlueWave Media
TXN10426,2024-02-09,2751.79,IT Dept,TechNova
TXN10178,2024-01-19,1206.69,IT Dept,QuickFix IT
TXN10444,2024-03-31,5399.87,Admin Dept,BlueWave Media
TXN10416,2024-02-10,1990.7,HR Dept,QuickFix IT
TXN20061,2024-03-29,4984.3,Finance Dept,Apex Holding
TXN20073,2024-02-23,3499.54,Finance Dept,Apex Holding
TXN10680,2024-02-07,5394.6,HR Dept,TechNova
TXN10177,2024-01-23,6335.74,Finance Dept,Summit Group
TXN10395,2024-02-11,2210.51,Operations,BlueWave Media
TXN30022,2024-01-03,8884.8,Admin Dept,Summit Group
TXN10793,2024-03-11,1511.1,Operations,Summit Group
TXN30071,2024-02-16,9726.18,Admin Dept,Summit Group
TXN10684,2024-03-05,2446.49,HR Dept,BlueWave Media
TXN10383,2024-02-14,1499.25,Operations,Apex Holdings
TXN30067,2024-02-08,8128.58,Admin Dept,Summit Group
TXN10751,2024-01-07,2382.05,Finance Dept,TechNova
TXN10257,2024-03-01,5241.58,HR Dept,QuickFix IT
TXN10538,2024-02-03,1541.76,Admin Dept,TechNova
TXN10335,2024-01-29,3817.3,Finance Dept,Zenith Logistics
TXN10015,2024-03-01,1817.28,HR Dept,Global Supplies
TXN10324,2024-02-01,1824.54,IT Dept,TechNova
TXN10758,2024-03-11,1322.84,Finance Dept,ABC Corp
TXN10222,2024-02-19,1963.19,IT Dept,QuickFix IT
TXN10179,2024-03-13,6803.87,Finance Dept,QuickFix IT
TXN30094,2024-01-14,9318.73,Admin Dept,Summit Group
TXN10022,2024-03-21,1148.27,Admin Dept,Apex Holdings
TXN10356,2024-01-16,362.51,IT Dept,ABC Corp
TXN10666,2024-02-15,6393.64,IT Dept,ABC Corp
TXN20052,2024-03-20,4547.7,Finance Dept,QuickFix I.T.
TXN10340,2024-02-01,1554.21,Finance Dept,TechNova
TXN10431,2024-02-12,4811.7,Admin Dept,Zenith Logistics
TXN10551,2024-01-14,3893.72,HR Dept,Summit Group
TXN20024,2024-01-03,3820.37,Finance Dept,QuickFix IT Solutions
TXN10203,2024-03-25,431.51,Operations,TechNova
TXN10630,2024-02-13,1546.59,Admin Dept,TechNova
TXN10093,2024-01-24,126.67,IT Dept,Zenith Logistics
TXN10558,2024-02-15,2588.81,Operations,Summit Group
TXN10068,2024-03-26,3200.33,Operations,Zenith Logistics
TXN10622,2024-02-15,1460.23,HR Dept,QuickFix IT
TXN10284,2024-01-13,3317.08,Operations,QuickFix IT
TXN20035,2024-03-13,3561.52,Finance Dept,TechNova Inc
TXN10434,2024-01-29,3996.95,HR Dept,BlueWave Media
TXN10153,2024-01-02,2459.93,Finance Dept,TechNova
TXN10075,2024-01-15,3819.36,HR Dept,TechNova
TXN10730,2024-01-19,1222.25,Admin Dept,Zenith Logistics
TXN10446,2024-02-12,3380.89,Operations,TechNova
TXN10188,2024-03-05,1362.64,Admin Dept,Apex Holdings
TXN10271,2024-03-31,2428.57,IT Dept,QuickFix IT
TXN10236,2024-03-30,1491.36,Operations,QuickFix IT
TXN10487,2024-03-03,1864.68,Operations,QuickFix IT
TXN10117,2024-02-05,1379.79,HR Dept,Apex Holdings
TXN30054,2024-03-05,9460.45,Admin Dept,Summit Group
TXN10512,2024-03-25,1156.24,Operations,BlueWave Media
TXN20016,2024-03-14,2103.36,Finance Dept,QuickFix IT Solutions
TXN10591,2024-02-16,167.42,Admin Dept,Apex Holdings
TXN10126,2024-03-09,2744.22,Admin Dept,QuickFix IT
TXN10116,2024-02-25,188.13,HR Dept,Apex Holdings
TXN10473,2024-02-13,4394.09,HR Dept,Apex Holdings
TXN10693,2024-01-06,1261.97,Operations,Global Supplies
TXN10057,2024-02-10,698.04,IT Dept,TechNova
TXN20054,2024-03-05,4818.14,Finance Dept,A.B.C. Corp
TXN30023,2024-01-31,8924.47,Admin Dept,Summit Group
TXN10369,2024-02-11,6761.97,IT Dept,ABC Corp
TXN10268,2024-03-29,3346.46,IT Dept,Zenith Logistics
TXN10046,2024-02-13,1654.33,IT Dept,Summit Group
TXN10349,2024-03-29,1715.73,Finance Dept,BlueWave Media
TXN10195,2024-02-11,4750.7,Finance Dept,ABC Corp
TXN50002,2024-01-14,850000.0,Operations,Apex Holding
TXN20025,2024-02-21,3614.91,Finance Dept,TechNova Inc
TXN10736,2024-02-13,6614.42,HR Dept,Apex Holdings
TXN10263,2024-02-07,1366.02,Finance Dept,Summit Group
TXN10443,2024-02-20,6408.09,Finance Dept,Global Supplies
TXN10675,2024-02-21,6730.65,Operations,Global Supplies
TXN10304,2024-01-22,2697.53,IT Dept,Global Supplies
TXN10341,2024-03-21,3172.77,HR Dept,BlueWave Media
TXN30077,2024-02-10,8697.59,Admin Dept,Summit Group
TXN10149,2024-03-13,2653.14,Finance Dept,ABC Corp
TXN10124,2024-01-30,3241.14,Finance Dept,Apex Holdings
TXN10786,2024-02-23,4674.37,IT Dept,BlueWave Media
TXN10050,2024-01-02,3520.24,HR Dept,ABC Corp
TXN10353,2024-01-16,3573.28,Operations,ABC Corp
TXN30038,2024-02-03,8795.84,Admin Dept,Summit Group
TXN10142,2024-02-21,692.42,Admin Dept,TechNova
TXN10470,2024-01-08,3315.28,IT Dept,Global Supplies
TXN10399,2024-01-31,6603.68,Operations,BlueWave Media
TXN10625,2024-03-24,4757.81,HR Dept,QuickFix IT
TXN10320,2024-02-03,2593.93,Finance Dept,Summit Group
TXN10019,2024-01-12,1161.42,IT Dept,TechNova
TXN20000,2024-03-07,3291.82,Finance Dept,Global Supply Co.
TXN10790,2024-01-18,1297.51,Operations,Zenith Logistics
TXN10808,2024-03-24,5915.87,Finance Dept,TechNova
TXN10407,2024-03-08,2168.57,Finance Dept,TechNova
TXN10537,2024-03-30,1818.1,IT Dept,QuickFix IT
TXN10620,2024-03-12,260.72,HR Dept,TechNova
TXN10038,2024-01-17,6472.14,Operations,TechNova
TXN10175,2024-03-03,1718.51,Operations,TechNova
TXN10245,2024-02-17,7415.74,Operations,BlueWave Media
TXN20019,2024-03-06,2911.95,Finance Dept,QuickFix IT Solutions
TXN10667,2024-01-17,5323.54,IT Dept,BlueWave Media
TXN10754,2024-01-19,6114.64,Admin Dept,BlueWave Media
TXN20049,2024-02-18,3607.45,Finance Dept,ABC Corporation
TXN10154,2024-03-22,3275.07,Operations,TechNova
TXN10287,2024-01-27,2772.86,IT Dept,Summit Group
TXN10602,2024-03-06,2161.99,IT Dept,Apex Holdings
TXN10569,2024-03-14,1644.24,IT Dept,Apex Holdings
TXN10743,2024-02-20,3864.53,HR Dept,ABC Corp
TXN10017,2024-01-10,4386.15,Admin Dept,QuickFix IT
TXN10127,2024-01-20,1536.59,Admin Dept,TechNova
TXN10322,2024-01-17,2987.27,HR Dept,ABC Corp
TXN10255,2024-01-30,1687.6,HR Dept,Global Supplies
TXN10657,2024-01-20,5640.95,Finance Dept,TechNova
TXN30075,2024-01-25,8200.89,Admin Dept,Summit Group
TXN10190,2024-03-10,1619.58,Finance Dept,Summit Group
TXN10115,2024-03-25,2949.6,Operations,QuickFix IT
TXN10616,2024-03-23,1865.11,Operations,Apex Holdings
TXN10606,2024-01-29,6269.45,Finance Dept,ABC Corp
TXN10180,2024-03-12,2280.21,Admin Dept,ABC Corp
TXN10301,2024-03-08,2872.9,Admin Dept,TechNova
TXN10759,2024-01-04,7915.34,Finance Dept,Zenith Logistics
TXN10712,2024-02-18,1608.93,IT Dept,QuickFix IT
TXN10723,2024-02-13,2429.1,Finance Dept,Zenith Logistics
TXN10685,2024-02-27,5324.31,Finance Dept,TechNova
TXN30090,2024-03-01,8617.74,Admin Dept,Summit Group
TXN10517,2024-02-07,5327.84,Operations,BlueWave Media
TXN30095,2024-02-25,9454.81,Admin Dept,Summit Group
TXN10045,2024-02-11,2314.38,HR Dept,QuickFix IT
TXN30020,2024-01-30,9159.48,Admin Dept,Summit Group
TXN10157,2024-02-14,3290.27,Operations,Apex Holdings
TXN20042,2024-01-15,2035.29,Finance Dept,Apex Holding
TXN10171,2024-03-07,2206.06,IT Dept,Apex Holdings
TXN10016,2024-02-27,6614.17,HR Dept,Global Supplies
TXN10511,2024-03-31,5764.57,Operations,Summit Group
TXN10048,2024-01-15,183.56,Operations,ABC Corp
TXN30082,2024-02-01,9533.99,Admin Dept,Summit Group
TXN30051,2024-02-25,8807.76,Admin Dept,Summit Group
TXN10515,2024-01-04,1408.83,Finance Dept,TechNova
TXN30063,2024-03-01,8802.96,Admin Dept,Summit Group
TXN10480,2024-03-23,4593.37,IT Dept,Summit Group
TXN10283,2024-03-12,6226.35,Operations,Apex Holdings
TXN10718,2024-01-07,5533.21,HR Dept,Summit Group
TXN20068,2024-01-15,3854.89,Finance Dept,Global Supply Co.
TXN10225,2024-03-17,1338.76,Admin Dept,TechNova
TXN10026,2024-03-30,766.83,Finance Dept,BlueWave Media
TXN30065,2024-03-23,8540.42,Admin Dept,Summit Group
TXN10437,2024-01-21,5368.42,HR Dept,Global Supplies
TXN30062,2024-02-16,8646.22,Admin Dept,Summit Group
TXN10364,2024-03-20,4267.17,Operations,ABC Corp
TXN10229,2024-03-30,1168.57,Finance Dept,QuickFix IT
TXN10037,2024-01-11,6443.36,HR Dept,Zenith Logistics
TXN30076,2024-02-26,8647.02,Admin Dept,Summit Group
TXN10374,2024-02-16,5180.51,Finance Dept,TechNova
TXN10469,2024-02-26,4726.11,Operations,ABC Corp
TXN30078,2024-02-13,9131.32,Admin Dept,Summit Group
TXN20041,2024-01-10,2092.54,Finance Dept,Apex Holding
TXN10704,2024-02-22,3516.55,Finance Dept,BlueWave Media
TXN20032,2024-01-28,4198.21,Finance Dept,Apex Holdings LLC
TXN10194,2024-01-18,1186.03,Operations,Summit Group
TXN20045,2024-02-08,3518.06,Finance Dept,Global Supply Co.
TXN20055,2024-01-20,2012.8,Finance Dept,Global Supply Co.
TXN10503,2024-03-14,2627.85,IT Dept,Summit Group
TXN30080,2024-02-15,8745.3,Admin Dept,Summit Group
TXN20021,2024-03-01,2289.0,Finance Dept,ABC Corp.
TXN10579,2024-02-29,2103.63,IT Dept,TechNova
TXN30079,2024-01-22,9220.93,Admin Dept,Summit Group
TXN10162,2024-01-13,3932.9,Operations,Global Supplies
TXN30019,2024-01-18,9250.85,Admin Dept,Summit Group
TXN10152,2024-02-22,2158.77,Finance Dept,QuickFix IT
TXN10801,2024-03-02,1897.51,IT Dept,Zenith Logistics
TXN10005,2024-02-16,1200.0,Finance Dept,ABC Corp
TXN10755,2024-03-01,3875.23,Finance Dept,TechNova
TXN10111,2024-01-09,1844.95,HR Dept,ABC Corp
TXN10226,2024-02-29,2210.26,IT Dept,ABC Corp
TXN10688,2024-03-22,428.51,Admin Dept,Apex Holdings
TXN10103,2024-02-17,3408.11,Operations,QuickFix IT
TXN10421,2024-03-27,3414.01,HR Dept,BlueWave Media
TXN10419,2024-01-17,581.36,Finance Dept,Summit Group
TXN10750,2024-03-30,1116.68,Operations,BlueWave Media
TXN10586,2024-03-02,2295.85,Admin Dept,Summit Group
TXN10780,2024-01-27,6538.43,Admin Dept,BlueWave Media
TXN10672,2024-01-16,3945.3,IT Dept,TechNova
TXN10119,2024-01-27,5962.09,HR Dept,BlueWave Media
TXN10053,2024-01-05,2793.76,HR Dept,ABC Corp
TXN10151,2024-03-22,3396.02,Finance Dept,ABC Corp
TXN10403,2024-03-26,2791.0,Finance Dept,Apex Holdings
TXN30056,2024-02-08,9283.54,Admin Dept,Summit Group
TXN10207,2024-02-25,1388.96,IT Dept,TechNova
TXN10658,2024-01-26,3430.09,Admin Dept,Global Supplies
TXN20034,2024-03-27,3977.99,Finance Dept,A.B.C. Corp
TXN10762,2024-01-27,4628.72,IT Dept,BlueWave Media
TXN10008,2024-02-29,4723.51,HR Dept,ABC Corp
TXN10807,2024-03-31,1407.78,Admin Dept,TechNova
TXN10036,2024-02-01,2368.54,HR Dept,BlueWave Media
TXN10452,2024-01-03,2707.2,Admin Dept,QuickFix IT
TXN10651,2024-02-26,352.29,IT Dept,ABC Corp
TXN10253,2024-03-19,6485.16,IT Dept,TechNova
TXN10303,2024-03-03,1355.62,Admin Dept,Zenith Logistics
TXN10746,2024-01-05,3224.4,IT Dept,Zenith Logistics
TXN10571,2024-03-24,2520.4,Admin Dept,Apex Holdings
TXN10623,2024-02-18,1519.4,HR Dept,QuickFix IT
TXN10732,2024-02-20,1626.72,HR Dept,BlueWave Media
TXN30002,2024-03-11,8858.41,Admin Dept,Summit Group
TXN10262,2024-01-08,6195.16,HR Dept,QuickFix IT
TXN10610,2024-01-24,640.97,IT Dept,QuickFix IT
TXN10297,2024-01-14,1984.31,Finance Dept,Summit Group
TXN10414,2024-01-04,346.98,Admin Dept,Zenith Logistics
TXN10150,2024-02-18,7239.67,Finance Dept,BlueWave Media
TXN10788,2024-03-18,4934.99,Finance Dept,TechNova
TXN10640,2024-01-10,4450.69,IT Dept,QuickFix IT
TXN30000,2024-01-24,8258.87,Admin Dept,Summit Group
TXN10550,2024-03-13,5947.39,HR Dept,Zenith Logistics
TXN20077,2024-03-06,3149.02,Finance Dept,Apex Holding
TXN10488,2024-01-11,2991.12,HR Dept,TechNova
TXN10147,2024-02-18,6851.69,IT Dept,Zenith Logistics
TXN10146,2024-02-21,537.56,HR Dept,Summit Group
TXN10720,2024-03-20,3515.93,IT Dept,Apex Holdings
TXN30042,2024-01-18,8406.49,Admin Dept,Summit Group
TXN10739,2024-03-07,2181.14,IT Dept,QuickFix IT
TXN10659,2024-02-18,2750.53,IT Dept,QuickFix IT
TXN10348,2024-01-12,7711.87,Admin Dept,Apex Holdings
TXN10463,2024-02-17,3696.32,Admin Dept,Apex Holdings
TXN10325,2024-02-28,1310.67,Operations,Apex Holdings
TXN10186,2024-02-25,5942.4,Finance Dept,Zenith Logistics
TXN10123,2024-02-22,7318.93,IT Dept,Global Supplies
TXN20044,2024-01-21,3855.11,Finance Dept,TechNova L.T.D.
TXN10608,2024-02-04,5704.82,Operations,Apex Holdings
TXN10143,2024-02-23,1668.02,Admin Dept,BlueWave Media
TXN30069,2024-03-06,9664.17,Admin Dept,Summit Group
TXN10197,2024-03-02,7623.77,IT Dept,Zenith Logistics
TXN10609,2024-01-11,3996.26,IT Dept,ABC Corp
TXN10279,2024-03-30,1595.0,Operations,BlueWave Media
TXN10293,2024-01-24,4581.07,Operations,Global Supplies
TXN10400,2024-02-02,1482.47,HR Dept,QuickFix IT
TXN10122,2024-03-06,1890.36,HR Dept,Global Supplies
TXN10183,2024-01-21,1281.29,HR Dept,QuickFix IT
TXN10202,2024-03-01,1662.4,IT Dept,Apex Holdings
TXN10438,2024-03-03,1667.2,Admin Dept,Apex Holdings
TXN10246,2024-03-10,5355.62,Operations,Global Supplies
TXN10415,2024-02-18,3840.2,IT Dept,QuickFix IT
TXN30043,2024-01-12,8779.44,Admin Dept,Summit Group
TXN10765,2024-01-19,1173.67,HR Dept,QuickFix IT
TXN30017,2024-02-02,8824.21,Admin Dept,Summit Group
TXN20026,2024-03-17,4398.01,Finance Dept,ABC Corporation
TXN20078,2024-02-10,2912.71,Finance Dept,Global Supplies Inc
TXN10129,2024-01-25,2133.25,Admin Dept,TechNova
TXN10637,2024-03-22,2746.91,Operations,BlueWave Media
TXN10402,2024-01-22,1940.66,Operations,Global Supplies
TXN10784,2024-03-18,1733.4,IT Dept,TechNova
TXN10770,2024-02-24,5958.07,Operations,Zenith Logistics
TXN10735,2024-03-30,5624.9,HR Dept,Zenith Logistics
TXN30024,2024-01-16,9697.82,Admin Dept,Summit Group
TXN10219,2024-01-01,5877.3,IT Dept,TechNova
TXN10641,2024-02-22,2529.96,Operations,BlueWave Media
TXN30026,2024-03-01,9662.78,Admin Dept,Summit Group
TXN10752,2024-01-29,2718.8,IT Dept,BlueWave Media
TXN10806,2024-03-11,5802.43,Operations,Apex Holdings
TXN30030,2024-02-05,9942.01,Admin Dept,Summit Group
TXN10624,2024-03-04,2916.48,Operations,TechNova
TXN20065,2024-03-13,4373.69,Finance Dept,ABC Corporation
TXN10760,2024-02-25,261.22,IT Dept,Zenith Logistics
TXN10386,2024-02-04,2992.0,IT Dept,Global Supplies
TXN30083,2024-03-15,8717.85,Admin Dept,Summit Group
TXN10509,2024-02-24,798.58,HR Dept,Global Supplies
TXN10267,2024-03-05,1581.77,Finance Dept,TechNova
TXN20010,2024-03-12,2448.98,Finance Dept,Apex Holdings LLC
TXN10441,2024-03-01,1556.35,Finance Dept,QuickFix IT
TXN10496,2024-03-20,2117.58,Operations,Global Supplies
TXN10112,2024-03-14,4855.75,HR Dept,Global Supplies
TXN10691,2024-03-05,3780.66,Operations,Global Supplies
TXN10232,2024-01-13,1168.6,Finance Dept,Global Supplies
TXN20060,2024-02-09,3200.17,Finance Dept,TechNova L.T.D.
TXN10607,2024-03-30,3304.31,IT Dept,Global Supplies
TXN10671,2024-03-09,5720.73,IT Dept,ABC Corp
TXN10373,2024-01-12,4560.78,Operations,Global Supplies
TXN30092,2024-02-14,9556.86,Admin Dept,Summit Group
TXN20033,2024-03-06,2742.18,Finance Dept,QuickFix IT Solutions
TXN10233,2024-02-10,5199.64,Finance Dept,ABC Corp
TXN10785,2024-01-12,2327.47,Operations,Global Supplies
TXN10676,2024-01-08,3306.03,Finance Dept,Zenith Logistics
TXN10317,2024-01-18,1857.72,Finance Dept,QuickFix IT
TXN10648,2024-01-18,6341.37,IT Dept,TechNova
TXN10410,2024-02-26,6516.79,Operations,TechNova
TXN30009,2024-01-07,9109.81,Admin Dept,Summit Group
TXN10709,2024-03-29,1426.83,Operations,TechNova
TXN10358,2024-02-05,2127.34,Finance Dept,Apex Holdings
TXN10258,2024-01-03,6787.89,IT Dept,Global Supplies
TXN10744,2024-02-15,678.55,Finance Dept,Zenith Logistics
TXN10627,2024-02-09,1984.08,Finance Dept,ABC Corp
TXN10632,2024-02-28,1105.35,Admin Dept,Summit Group
TXN10282,2024-02-06,7588.72,Operations,TechNova
TXN10376,2024-02-19,4973.2,Admin Dept,Zenith Logistics
TXN10384,2024-01-01,1987.77,Operations,BlueWave Media
TXN10224,2024-02-09,2289.55,HR Dept,BlueWave Media
TXN30064,2024-02-04,9598.36,Admin Dept,Summit Group
TXN20005,2024-03-23,3723.37,Finance Dept,Global Supply Co.
TXN10472,2024-03-28,3606.06,Admin Dept,ABC Corp
TXN10347,2024-03-05,6115.27,Operations,ABC Corp
TXN10505,2024-02-03,312.02,IT Dept,Apex Holdings
TXN10639,2024-03-14,2852.99,Operations,Apex Holdings
TXN30098,2024-01-02,8862.17,Admin Dept,Summit Group
TXN30039,2024-03-05,9230.26,Admin Dept,Summit Group
TXN30016,2024-01-07,9531.27,Admin Dept,Summit Group
TXN10619,2024-03-25,4139.14,IT Dept,Apex Holdings
TXN20046,2024-01-04,3210.3,Finance Dept,ABC Corporation
TXN10803,2024-02-08,2367.28,IT Dept,Global Supplies
TXN10645,2024-01-29,277.65,Operations,Global Supplies
TXN20037,2024-01-27,4496.16,Finance Dept,Quick Fix IT
TXN10556,2024-01-14,1521.56,Finance Dept,BlueWave Media
TXN30068,2024-02-21,8427.63,Admin Dept,Summit Group
TXN10577,2024-03-17,2183.95,Admin Dept,BlueWave Media
TXN10795,2024-03-01,5614.29,Operations,TechNova
TXN10085,2024-03-20,3299.38,HR Dept,Global Supplies
TXN10242,2024-02-24,7360.37,IT Dept,BlueWave Media
TXN10698,2024-01-02,5625.27,IT Dept,Apex Holdings
TXN10159,2024-02-29,3694.85,Operations,QuickFix IT
TXN10524,2024-01-10,1307.44,Admin Dept,Summit Group
TXN10035,2024-03-28,2107.67,HR Dept,TechNova
TXN10540,2024-01-15,1483.09,Admin Dept,QuickFix IT
TXN10170,2024-03-16,1943.36,HR Dept,QuickFix IT
TXN10654,2024-02-24,595.91,HR Dept,Zenith Logistics
TXN30001,2024-01-13,9760.81,Admin Dept,Summit Group
TXN20048,2024-01-02,2236.4,Finance Dept,Apex Holding
TXN20038,2024-01-04,2382.35,Finance Dept,ABC Corporation
TXN30055,2024-03-27,8182.39,Admin Dept,Summit Group
TXN10733,2024-03-13,4421.7,IT Dept,TechNova
TXN10095,2024-03-04,1975.79,IT Dept,BlueWave Media
TXN10563,2024-03-22,2785.52,HR Dept,Zenith Logistics
TXN10240,2024-03-01,1686.99,IT Dept,TechNova
TXN10742,2024-03-16,5938.36,Admin Dept,Zenith Logistics
TXN10574,2024-02-15,2228.48,Admin Dept,Summit Group
TXN10690,2024-03-08,120.36,IT Dept,Summit Group
TXN10460,2024-03-04,1456.96,HR Dept,Summit Group
TXN10553,2024-02-20,3325.99,Admin Dept,QuickFix IT
TXN20079,2024-03-09,2867.18,Finance Dept,Global Supply Co.
TXN10206,2024-02-18,1381.09,Operations,Summit Group
TXN10392,2024-03-27,2950.54,Finance Dept,Global Supplies
TXN10794,2024-01-30,6385.97,HR Dept,Global Supplies
TXN10397,2024-03-03,4705.13,Admin Dept,ABC Corp
TXN10766,2024-01-23,3413.57,Finance Dept,ABC Corp
TXN20039,2024-01-20,4207.1,Finance Dept,TechNova L.T.D.
TXN10217,2024-01-06,2841.56,Admin Dept,Zenith Logistics
TXN10004,2024-03-18,5126.02,Admin Dept,Summit Group
TXN10768,2024-02-12,6697.24,Finance Dept,Summit Group
TXN10642,2024-02-02,1167.55,IT Dept,Summit Group
TXN30040,2024-02-16,9237.29,Admin Dept,Summit Group
TXN10612,2024-03-05,1600.82,Finance Dept,Summit Group
TXN10738,2024-01-30,162.59,Operations,Summit Group
TXN10546,2024-01-16,1959.18,Finance Dept,Zenith Logistics
TXN10725,2024-03-01,5442.82,Finance Dept,QuickFix IT
TXN10683,2024-02-11,2716.82,Operations,ABC Corp
TXN10098,2024-03-08,4405.07,Admin Dept,Zenith Logistics
TXN10804,2024-02-13,2823.06,IT Dept,ABC Corp
TXN10727,2024-02-02,6400.64,IT Dept,BlueWave Media
TXN10573,2024-02-08,1327.39,Finance Dept,Global Supplies
TXN10406,2024-02-25,3188.56,Admin Dept,Summit Group
TXN10502,2024-01-09,2452.37,Finance Dept,BlueWave Media
TXN10047,2024-01-05,2146.92,Finance Dept,BlueWave Media
TXN10032,2024-01-19,2813.14,Admin Dept,QuickFix IT
TXN10779,2024-03-04,2343.93,Finance Dept,Apex Holdings
TXN20030,2024-01-13,4349.62,Finance Dept,Apex Holding
TXN10200,2024-03-16,5402.98,HR Dept,Zenith Logistics
TXN10134,2024-03-30,4955.27,Operations,BlueWave Media
TXN10027,2024-03-14,1828.88,IT Dept,Zenith Logistics
TXN20071,2024-01-20,3639.84,Finance Dept,Quick Fix IT
TXN10230,2024-01-17,377.14,HR Dept,BlueWave Media
TXN10489,2024-02-27,7644.58,Admin Dept,Global Supplies
TXN10772,2024-03-22,6804.75,IT Dept,TechNova
TXN10378,2024-02-02,3108.38,Finance Dept,Summit Group
TXN10288,2024-01-10,6220.05,Operations,ABC Corp
TXN10418,2024-03-06,3583.54,Finance Dept,QuickFix IT
TXN10674,2024-03-25,7702.56,Admin Dept,BlueWave Media
TXN10391,2024-03-19,3789.49,Admin Dept,TechNova
TXN10592,2024-03-13,6247.82,IT Dept,Global Supplies
TXN10498,2024-01-14,5898.52,Operations,Summit Group
TXN10138,2024-02-21,329.28,HR Dept,QuickFix IT
TXN10062,2024-02-16,2428.48,Admin Dept,TechNova
TXN10471,2024-03-30,612.24,IT Dept,Apex Holdings
TXN10647,2024-02-06,6235.88,Operations,ABC Corp
TXN10128,2024-02-26,4260.85,HR Dept,TechNova
TXN30087,2024-02-03,9101.73,Admin Dept,Summit Group
TXN10520,2024-03-27,1501.72,Operations,Global Supplies
TXN20029,2024-01-03,4734.05,Finance Dept,ABC Corp.
TXN30073,2024-01-14,8829.72,Admin Dept,Summit Group
TXN10064,2024-03-16,4115.33,Admin Dept,ABC Corp
TXN20003,2024-01-01,4359.74,Finance Dept,A.B.C. Corp
TXN10014,2024-01-24,263.38,Operations,Global Supplies
TXN10156,2024-03-15,221.0,Finance Dept,ABC Corp
TXN10040,2024-02-15,1181.72,Operations,BlueWave Media
TXN10492,2024-01-21,3390.13,HR Dept,Zenith Logistics
TXN10379,2024-03-06,1629.36,Admin Dept,Summit Group
TXN10187,2024-03-29,3548.91,HR Dept,ABC Corp
TXN10763,2024-01-29,3224.8,Operations,Zenith Logistics
TXN10216,2024-02-22,2637.82,IT Dept,Zenith Logistics
TXN10791,2024-03-08,3218.61,HR Dept,BlueWave Media
TXN10052,2024-03-24,368.32,IT Dept,Zenith Logistics
TXN20069,2024-03-15,2529.68,Finance Dept,Tech Nova Ltd
TXN10337,2024-01-05,2745.86,IT Dept,Global Supplies
TXN10748,2024-03-01,1679.9,Admin Dept,TechNova
TXN10719,2024-02-14,6204.59,Admin Dept,Apex Holdings
TXN10724,2024-02-05,7695.66,IT Dept,Global Supplies
TXN10295,2024-01-05,7362.95,Admin Dept,Global Supplies
TXN10701,2024-01-28,3825.39,HR Dept,Zenith Logistics
TXN10251,2024-03-16,1760.23,IT Dept,Global Supplies
TXN10726,2024-01-23,1997.04,IT Dept,QuickFix IT
TXN10461,2024-03-26,136.07,Admin Dept,TechNova
TXN10455,2024-02-23,4636.64,Finance Dept,QuickFix IT
TXN40006,Not-A-Date,800.0,HR Dept,Global Supplies
TXN20006,2024-03-03,3009.51,Finance Dept,QuickFix IT Solutions
TXN20053,2024-03-27,4709.44,Finance Dept,Global Supply Co.
TXN10269,2024-02-01,2531.71,Admin Dept,BlueWave Media
TXN10201,2024-02-13,3377.53,Finance Dept,Summit Group
TXN10161,2024-01-14,1828.2,IT Dept,Global Supplies
TXN10555,2024-03-31,2891.9,Operations,Global Supplies
TXN10729,2024-02-02,3953.66,Finance Dept,Summit Group
TXN10401,2024-03-21,6562.44,Admin Dept,ABC Corp
TXN10702,2024-02-05,2245.22,HR Dept,Global Supplies
TXN10476,2024-02-20,376.09,Finance Dept,Apex Holdings
TXN20012,2024-02-11,2268.39,Finance Dept,QuickFix I.T.
TXN10771,2024-01-09,5544.06,IT Dept,Global Supplies
TXN10105,2024-03-22,6730.71,Finance Dept,TechNova
TXN10565,2024-01-06,2883.01,IT Dept,Global Supplies
TXN10389,2024-01-10,3140.54,Operations,QuickFix IT
TXN10001,2024-01-08,6350.33,Operations,Global Supplies
TXN30048,2024-03-24,9661.09,Admin Dept,Summit Group
TXN30093,2024-01-07,9592.68,Admin Dept,Summit Group
TXN10561,2024-03-21,1377.03,HR Dept,QuickFix IT
TXN10080,2024-03-13,3546.62,Operations,Summit Group
TXN10205,2024-01-20,1500.29,Admin Dept,BlueWave Media
TXN10034,2024-01-16,2653.89,Admin Dept,Apex Holdings
TXN10775,2024-01-25,3184.08,HR Dept,Apex Holdings
TXN10508,2024-02-20,1583.59,Admin Dept,Zenith Logistics
TXN10427,2024-01-23,2325.15,IT Dept,Apex Holdings
TXN10454,2024-02-11,2367.63,Finance Dept,Apex Holdings
TXN10366,2024-01-21,197.67,Operations,QuickFix IT
TXN10091,2024-02-17,2315.23,Finance Dept,TechNova
TXN10339,2024-03-23,4373.97,Operations,BlueWave Media
TXN30008,2024-03-15,9543.04,Admin Dept,Summit Group
TXN10564,2024-02-21,6443.15,Operations,Apex Holdings
TXN10345,2024-01-12,2977.48,Operations,TechNova
TXN10776,2024-02-14,2595.01,Finance Dept,Summit Group
TXN10241,2024-03-03,3800.26,IT Dept,ABC Corp
TXN10013,2024-01-08,2657.9,IT Dept,Summit Group
TXN10315,2024-03-01,5210.86,IT Dept,TechNova
TXN10600,2024-01-12,6539.86,IT Dept,Apex Holdings
TXN10387,2024-03-19,5442.08,Operations,QuickFix IT
TXN10273,2024-01-06,5519.4,Finance Dept,ABC Corp
TXN10166,2024-03-09,2439.91,Finance Dept,Zenith Logistics
TXN20031,2024-03-19,3647.57,Finance Dept,TechNova L.T.D.
TXN10005,2024-02-16,1200.0,Finance Dept,ABC Corp
TXN10646,2024-02-20,5984.81,Admin Dept,Global Supplies
TXN20009,2024-03-25,2786.99,Finance Dept,ABC Corporation
TXN10484,2024-03-07,3262.68,Finance Dept,Global Supplies
TXN30091,2024-01-21,9387.61,Admin Dept,Summit Group
TXN10504,2024-03-08,1520.65,IT Dept,BlueWave Media
TXN20022,2024-01-19,3119.32,Finance Dept,ABC Corp.
TXN10243,2024-03-20,6963.91,HR Dept,QuickFix IT
TXN10566,2024-03-02,2263.18,IT Dept,QuickFix IT
TXN20066,2024-01-28,2680.58,Finance Dept,Quick Fix IT
TXN10562,2024-02-07,5918.36,Finance Dept,Global Supplies
TXN10686,2024-03-02,2560.24,HR Dept,ABC Corp
TXN10189,2024-02-17,2577.4,HR Dept,QuickFix IT
TXN10782,2024-03-31,1913.7,Admin Dept,Apex Holdings
TXN10699,2024-03-15,2140.78,IT Dept,Summit Group
TXN10475,2024-02-22,2676.42,HR Dept,Global Supplies
TXN10681,2024-02-20,1162.55,IT Dept,Apex Holdings
TXN10510,2024-01-04,186.96,Admin Dept,Apex Holdings
TXN10058,2024-02-02,2464.51,Admin Dept,Zenith Logistics
TXN10474,2024-02-03,1739.23,Finance Dept,BlueWave Media
TXN10560,2024-03-16,6246.19,IT Dept,TechNova
TXN20047,2024-01-07,3091.21,Finance Dept,Apex Holding
TXN10747,2024-03-18,2148.86,Operations,TechNova
TXN10252,2024-01-19,2880.67,Admin Dept,Apex Holdings
TXN10021,2024-02-13,6436.53,Admin Dept,BlueWave Media
TXN10313,2024-03-28,2430.63,HR Dept,Global Supplies
TXN10459,2024-01-30,4711.8,HR Dept,TechNova
TXN10160,2024-03-05,1364.25,Finance Dept,Apex Holdings
TXN10276,2024-01-16,3514.79,Operations,Apex Holdings
TXN30066,2024-02-22,9258.56,Admin Dept,Summit Group
TXN10191,2024-03-22,1895.8,IT Dept,Summit Group
TXN10385,2024-01-01,5359.99,Finance Dept,BlueWave Media
TXN10805,2024-02-02,2975.87,Admin Dept,BlueWave Media
TXN10413,2024-01-04,1554.72,IT Dept,BlueWave Media
TXN10491,2024-01-04,1870.75,IT Dept,TechNova
TXN10343,2024-03-24,1535.48,IT Dept,Apex Holdings
TXN10769,2024-02-07,1582.84,Admin Dept,Summit Group
TXN10308,2024-02-09,5971.58,Finance Dept,ABC Corp
TXN10661,2024-01-30,7820.26,Operations,Summit Group
TXN10130,2024-01-10,1528.85,IT Dept,Apex Holdings
TXN10663,2024-02-09,1469.2,Finance Dept,Summit Group
TXN20062,2024-03-08,4927.74,Finance Dept,ABC Corp.
TXN10099,2024-01-16,131.85,IT Dept,TechNova
TXN10372,2024-01-25,355.75,HR Dept,BlueWave Media
TXN10087,2024-01-15,5970.13,Finance Dept,Zenith Logistics
TXN10458,2024-03-27,3535.0,Admin Dept,ABC Corp
TXN10330,2024-03-21,1161.32,Admin Dept,TechNova
TXN10214,2024-01-29,1407.18,Finance Dept,Global Supplies
TXN10466,2024-01-18,2348.47,IT Dept,Zenith Logistics
TXN10121,2024-01-28,4883.19,IT Dept,Apex Holdings
TXN10614,2024-02-21,6437.7,Admin Dept,BlueWave Media
TXN10020,2024-03-23,1287.6,IT Dept,QuickFix IT
TXN10700,2024-01-19,193.98,Operations,TechNova
TXN10071,2024-01-02,5812.1,Admin Dept,Summit Group
TXN10106,2024-03-23,193.96,IT Dept,Global Supplies
TXN10270,2024-03-25,1537.35,Operations,ABC Corp
TXN20051,2024-03-23,3666.46,Finance Dept,ABC Corporation
TXN10435,2024-02-27,5604.95,Admin Dept,QuickFix IT
TXN10102,2024-01-16,5182.19,Admin Dept,QuickFix IT
